name,resume
Krista Wade,HTML C++ Database management React Node.js Web development Backend technologies Django API development Problem-solving
David Hicks,CSS Algorithms Python Backend technologies Node.js C++
Kathleen Molina,JavaScript Database management API development Algorithms Data structures Java Django
Steven Griffin,CSS Python HTML Java Data structures Backend technologies Node.js Database management
Alexander Wilkinson,Backend technologies Machine learning JavaScript Django Node.js CSS API development Python
Christopher Thompson,JavaScript React Database management Node.js Django Problem-solving API development
Mary Lee,Data structures Web development C++ HTML API development Backend technologies Problem-solving
Bryan Baker,Machine learning JavaScript HTML C++ Backend technologies Python
Jennifer Knapp,Django Problem-solving C++ Data structures Machine learning Backend technologies API development Node.js
Stephanie Potter,Problem-solving Web development Python Data structures Java JavaScript C++ Machine learning CSS Django
Dana Mccormick,Machine learning Database management Backend technologies Django Data structures JavaScript CSS API development Node.js C++
Craig Cline,HTML JavaScript Data structures Django C++ CSS Machine learning Java Backend technologies
Adam Tanner,HTML API development Algorithms CSS React Python Web development Problem-solving
Joseph Garrison,C++ Database management Java API development Data structures Algorithms Web development Problem-solving Backend technologies
Jason Curtis,HTML C++ JavaScript CSS React
Mr. George Welch,Java React Data structures Python Web development HTML CSS
Robert Nielsen,CSS Python Django Problem-solving HTML API development Java Backend technologies Database management Data structures
Natalie Salazar,Django Python Database management Java JavaScript Algorithms React
Mrs. Sarah White,React Django Machine learning HTML Node.js Java Web development Database management Data structures Python
Hailey Hart,C++ Web development React Database management Django
Michael Coleman,Data structures Machine learning JavaScript Problem-solving API development HTML Database management React CSS Web development
Dawn Hooper,Web development Backend technologies API development CSS Django Algorithms Java
Jennifer Baker,HTML API development Python Database management Node.js Problem-solving Data structures JavaScript Machine learning Java
Jennifer Vazquez,Java Web development API development Node.js JavaScript React Data structures CSS Problem-solving
Judy Lee,Django Python Node.js Machine learning Algorithms Java API development
David Peterson,Java CSS C++ Problem-solving Database management Algorithms Machine learning API development Node.js React
Tiffany Mcdonald,Data structures React API development Web development JavaScript Algorithms
Bradley Brown,API development Database management Problem-solving React Data structures
Regina Wilson,Django Backend technologies Database management Problem-solving HTML Algorithms Data structures JavaScript
David Miller,Python HTML Django Node.js Web development
Cindy Summers,Machine learning Data structures Java Algorithms Django Web development API development Node.js Database management C++
Kenneth Davis Jr.,Python Backend technologies C++ API development JavaScript Django Database management Data structures HTML Algorithms
Yesenia Joseph,Backend technologies Problem-solving C++ Machine learning CSS API development Django Data structures Database management JavaScript
Christopher Porter,Node.js Problem-solving Database management React Java Backend technologies Machine learning API development C++ CSS
Lawrence Jordan,Problem-solving API development Machine learning Django Node.js Backend technologies Python Data structures
Wendy Kim,Algorithms Data structures React Django Web development Database management Java
Kevin Valenzuela PhD,Algorithms Data structures Database management API development Machine learning Python HTML Web development CSS Node.js
Anne Rose,React Node.js Database management Django Python JavaScript
James Robinson,Python Node.js Algorithms JavaScript Data structures
Scott White,CSS API development React Algorithms Problem-solving C++
Valerie Wilkins,API development React Node.js Algorithms Web development Database management JavaScript Backend technologies CSS Machine learning
Tanya Long,Problem-solving C++ Python CSS React Web development
Bethany Maddox,HTML Web development Django Database management Data structures
Amanda Harper,Web development React Backend technologies HTML Django Machine learning
Michael Bowers,API development Database management Java Node.js Problem-solving
Jeanne Bailey,CSS API development Machine learning Node.js Database management React
John Barber,API development JavaScript Backend technologies Java Problem-solving
Cory Washington,Java Data structures Node.js API development JavaScript CSS Machine learning C++
Elizabeth Barron,API development Problem-solving Python React JavaScript Backend technologies HTML Java
Kathy Sanders,Web development HTML Python CSS JavaScript Node.js Django Data structures Algorithms
Donna Rivera,Python HTML Java Problem-solving Data structures
John Mckenzie,API development React Machine learning Python JavaScript Data structures
Barbara Cook,API development Web development Database management Python CSS JavaScript Django Problem-solving Algorithms C++
Valerie Valdez,C++ Data structures Problem-solving API development Node.js Algorithms
Gavin Jarvis,Database management C++ Django Data structures React Java Problem-solving Algorithms
Christopher Robbins,C++ API development Machine learning React Backend technologies
Sylvia Sherman,Django Machine learning Data structures C++ Algorithms HTML Web development Node.js
Jennifer Hill,Database management Problem-solving Machine learning API development C++ CSS Backend technologies Web development Django
Samuel Jones,React CSS JavaScript Algorithms Java
Cameron Sharp,Database management Problem-solving Django Node.js React Backend technologies HTML
Lauren Terry,Java JavaScript Python Algorithms HTML React Machine learning Django API development
Alexis Reynolds,Database management HTML API development Algorithms JavaScript Backend technologies CSS Data structures Java
Austin Perez,Node.js Machine learning Database management Django Java CSS Python C++ Data structures API development
Anna Hobbs,Database management Node.js Web development API development C++ Data structures Problem-solving Algorithms HTML
Vicki Harrington,Algorithms Backend technologies Django Web development C++ Machine learning Data structures HTML React
Gregory York,CSS Machine learning HTML Python Data structures Web development API development
Nicholas Munoz,Database management Machine learning Algorithms JavaScript Java
Gina Dunn,Node.js Web development Backend technologies Java Database management Algorithms Data structures Django React
Megan Mendez,C++ Database management Backend technologies Python API development Machine learning Web development React JavaScript
John Noble,C++ CSS Node.js React Data structures Java Python JavaScript Django
Allison Garcia,Problem-solving Python Web development Node.js Java C++ API development Data structures
Peter Lopez,Python C++ Web development Database management Backend technologies JavaScript Data structures
Christopher Johnson,Django API development Algorithms Java HTML React Data structures
Jeremy Brown,C++ Algorithms Backend technologies Problem-solving Web development React CSS
Melissa Park,Django API development Problem-solving Algorithms Node.js Backend technologies Database management JavaScript
Marilyn Collins,HTML Database management Web development Node.js React
Holly Mcguire,Web development Problem-solving HTML React API development JavaScript C++ CSS Java
Anthony Castillo,Java Database management Backend technologies Problem-solving HTML Python React Machine learning Data structures C++
Benjamin Kane,Algorithms Web development Django HTML Node.js Machine learning Python Problem-solving JavaScript API development
Rachel Howard,React C++ Web development API development Java Data structures Node.js
Charlotte Bowen,Backend technologies Machine learning API development Algorithms Java CSS
Adam Brooks,Data structures Backend technologies HTML CSS Problem-solving
Paul Doyle,JavaScript Database management Algorithms Problem-solving Java Backend technologies Machine learning CSS Python Web development
Kelly Patton,Data structures Django JavaScript Node.js Backend technologies Machine learning API development Web development
Tommy Serrano,Database management Django HTML React Web development CSS Python Data structures
Shannon Ellis,HTML API development Java JavaScript Python Data structures Problem-solving Django Web development Database management
Alexander Whitney,Data structures Python Backend technologies Problem-solving JavaScript Web development Database management C++
Christine Hernandez,React Backend technologies CSS API development JavaScript Django Python Problem-solving Data structures C++
Monica Boyd,Django Java CSS HTML Machine learning
Mitchell Shannon,Web development HTML Algorithms Database management React C++ JavaScript Machine learning Node.js Django
Laurie Rodriguez,Web development Java Backend technologies C++ Python HTML Data structures Node.js API development Django
Brenda Terrell,CSS React Backend technologies Machine learning Problem-solving Node.js JavaScript Python Web development
Ashley Bennett,Data structures JavaScript Database management Machine learning C++
Heidi Brown,Node.js Data structures React C++ Algorithms HTML Database management Django Machine learning
Emily Dominguez,Python Problem-solving Backend technologies CSS JavaScript
Christine Porter,JavaScript Problem-solving Java CSS Node.js Data structures Python HTML Database management
Michelle Campbell,HTML Problem-solving React Node.js Backend technologies Machine learning Web development Django JavaScript
Adam Martin,HTML CSS Backend technologies Problem-solving Node.js Algorithms JavaScript API development Machine learning Data structures
Brady Morton,JavaScript Java HTML Machine learning Data structures Problem-solving
Courtney Tran,Problem-solving Java HTML Algorithms C++ Backend technologies Database management
Raven Perez,React Data structures C++ Django Machine learning HTML Java
Robert Johnson,Algorithms Web development Machine learning Python Problem-solving Backend technologies
Kenneth Kelley,HTML Node.js Data structures Backend technologies Python
Paul Fuentes,Problem-solving C++ Database management Python JavaScript Data structures HTML
Juan Fry,Web development JavaScript Node.js Database management C++ Python Algorithms
Tiffany Horn,Django C++ React Data structures Problem-solving Node.js Java JavaScript
Natalie Hayes,C++ React Backend technologies Node.js Web development JavaScript HTML API development
Connor Ruiz,React Python Backend technologies Django JavaScript
Sarah Escobar,Algorithms Node.js JavaScript React Web development HTML Java
Mr. Fernando Warren,C++ Django HTML Node.js CSS Data structures Python JavaScript Machine learning Java
Vanessa Ferguson,Machine learning CSS Python API development C++ Data structures Database management
Cameron Taylor,Problem-solving Machine learning JavaScript CSS Django Algorithms Java React API development Backend technologies
Sherry Butler,Algorithms Database management Django CSS JavaScript Problem-solving C++ Data structures Python React
Desiree Leonard,Data structures Node.js Database management CSS Web development C++
Jill Hobbs,Backend technologies React Machine learning CSS Problem-solving Algorithms
Mary Lee,Problem-solving Backend technologies Django Node.js API development Machine learning Data structures
Evelyn Atkins,JavaScript Machine learning HTML React Algorithms API development Database management C++ Problem-solving Django
Alexander Fitzgerald,API development Node.js React Backend technologies Data structures Web development Django Algorithms
Mrs. Rebecca Smith,Database management CSS Backend technologies HTML Java JavaScript Data structures Django Node.js
James Mccarthy,Machine learning Algorithms API development React CSS JavaScript Database management
Natasha Brown,Problem-solving Python JavaScript Web development Backend technologies API development Node.js Machine learning
Alyssa Andrade,Data structures Node.js Django CSS Problem-solving Backend technologies C++
Todd Blake,Python Algorithms C++ Machine learning Web development API development
James Howe,Algorithms HTML Data structures Problem-solving Python Backend technologies Database management
Vincent Gibson,Problem-solving HTML Database management Java Django Python Backend technologies JavaScript React Node.js
Mr. Luis Russell PhD,React Java API development Backend technologies JavaScript Node.js Database management
Jason Shelton,Data structures HTML Web development Java API development Problem-solving Backend technologies C++ Database management Node.js
Melinda Sanders,JavaScript Web development Django C++ HTML
Stephanie Garrett,Problem-solving Backend technologies Web development C++ Node.js
Joshua Williams,C++ CSS Data structures Node.js Django React HTML
Steven Gamble,Problem-solving API development Machine learning Python Django Database management HTML CSS
Ryan Munoz,HTML API development Python Java Machine learning React Django Web development CSS
Henry Williams,HTML React Algorithms Database management C++ JavaScript API development Problem-solving
Karen Wong,Algorithms Backend technologies Java Data structures Python HTML Machine learning Web development Database management
Kristin Romero,JavaScript HTML Node.js Python C++ Web development Problem-solving Java Machine learning Django
William Thomas,API development Node.js Web development CSS Backend technologies HTML Problem-solving Machine learning Data structures C++
Ashley Anderson,Data structures API development C++ Web development Database management Java Node.js Backend technologies
Julie Welch,Database management JavaScript Problem-solving Backend technologies CSS HTML C++
Roberta Stein,API development Django Java Algorithms Web development Machine learning Python Problem-solving Backend technologies
Dean Stevenson,Python JavaScript Web development API development Data structures Algorithms
Dr. Daniel Jensen,Database management Machine learning Backend technologies CSS C++ HTML Algorithms
Mrs. Michelle Cameron,Backend technologies Web development JavaScript HTML Python Database management Problem-solving C++
Andre Dixon,Data structures Backend technologies Algorithms C++ Web development
Antonio Reed,Data structures C++ Database management CSS HTML Web development Algorithms React Problem-solving Java
Amy Frey,API development Problem-solving Python JavaScript Web development
Jason Long,Data structures CSS Database management Django React Machine learning
Ashley Wilkinson,C++ Algorithms Backend technologies React CSS API development HTML Web development Java Python
Laura Deleon,Node.js Web development Problem-solving C++ CSS React
Amanda Martinez,API development Machine learning Problem-solving Database management JavaScript HTML CSS Backend technologies
Laurie Alexander,C++ Data structures Java Machine learning Algorithms Backend technologies React Problem-solving
Tiffany Carter,C++ API development Node.js Backend technologies Database management CSS React
Colin Eaton,Backend technologies Web development Problem-solving CSS React
Jordan Moon,Machine learning Database management C++ CSS Java API development
Danny Valdez,Data structures JavaScript Django CSS Database management Problem-solving Web development React Algorithms Machine learning
Jonathan Johnson,JavaScript API development Machine learning Database management Django Algorithms Problem-solving CSS Data structures
Kim Mendez,Algorithms Backend technologies Web development Database management CSS C++ Python JavaScript HTML React
Robert Byrd,HTML Python CSS Django Database management Java Data structures Web development
Dr. John Ramirez,Algorithms Data structures HTML Machine learning C++ API development Database management Node.js CSS Backend technologies
Barbara Ramirez,Python Django Data structures Database management JavaScript HTML Machine learning CSS
Andrea Williams,API development JavaScript Backend technologies Web development Machine learning
Joshua Davidson,HTML Node.js Problem-solving Java API development Django Python React Machine learning Web development
Daniel Day,HTML Database management Data structures Java Python Node.js
Angela Zavala,JavaScript Python React Problem-solving CSS
Robyn Hoffman,Backend technologies Machine learning React Python C++ HTML Algorithms
Joshua Harrison,CSS Problem-solving Python React JavaScript Web development Java Machine learning
Monica Garcia,API development Python JavaScript Java Problem-solving CSS Algorithms
Anthony Grant,Problem-solving React JavaScript Java Backend technologies C++ Machine learning Django HTML
Daniel Carson,Problem-solving Python Algorithms CSS Data structures Java API development
Jason Thomas,Database management Algorithms HTML Backend technologies C++ Django React Web development Data structures CSS
Chad Rogers,Web development Problem-solving Backend technologies React Django Algorithms C++ Node.js Python
Mikayla Garcia,C++ CSS Algorithms React Web development Python API development Node.js Java Data structures
Heather Olson,Problem-solving Database management Backend technologies Django API development Machine learning Node.js JavaScript
Elizabeth Becker,Python Backend technologies Django API development Node.js Web development Machine learning Problem-solving Database management
Laurie Jackson,Problem-solving C++ Machine learning Backend technologies Python
Carrie Mendoza,C++ Web development Problem-solving API development JavaScript Backend technologies HTML
Dylan Wilson,Node.js HTML Python JavaScript Algorithms Machine learning
Amy Lopez,React Algorithms Problem-solving Database management C++ API development Web development Python Django HTML
Annette Strong,Database management Backend technologies API development Web development Python HTML Java CSS Problem-solving
Nicole Salas,CSS Node.js Algorithms Python Data structures Problem-solving Django React Backend technologies
Shelby Ward,Algorithms Java Node.js Web development Python Django CSS
Larry Brown,Django HTML Algorithms Backend technologies CSS C++ Java Node.js
Erik Anderson,Algorithms Data structures Backend technologies Node.js CSS
Andrew Reed,HTML C++ Database management Problem-solving Java JavaScript Python Django
Aaron Weiss,HTML Database management Algorithms API development Data structures Python Backend technologies Machine learning
Laura Robertson,Python Node.js HTML Backend technologies Machine learning React Web development Database management API development
James Mahoney,Problem-solving C++ Django CSS Node.js HTML Machine learning Java
Karl Johnson,Java Data structures API development Python Backend technologies HTML Django
Kevin Burnett,Database management React Data structures Algorithms Django CSS Node.js Web development API development C++
Pamela Rhodes,Django Backend technologies Python CSS HTML Database management Algorithms Machine learning JavaScript Data structures
Laura Middleton,Database management Machine learning Algorithms Web development Node.js
Mark Stewart,JavaScript Data structures React Database management C++ CSS Java API development
Taylor Smith,Backend technologies Python Data structures React Database management API development Algorithms Java
Raymond Sosa,Machine learning Problem-solving Node.js Algorithms C++ Python React Backend technologies Java Django
Sherri Trujillo,Django C++ Java Algorithms Machine learning
Tammie Conrad,Backend technologies React Django Data structures Algorithms Problem-solving C++
Carmen Holmes,HTML Database management CSS Data structures Backend technologies JavaScript
Douglas Kim,Web development Django Problem-solving HTML JavaScript API development Backend technologies Algorithms C++ Python
John Hamilton,React Django Problem-solving API development Java Database management C++ Backend technologies
Steven Contreras,Java Data structures JavaScript Backend technologies Web development Django
Danielle Scott,JavaScript API development Java Database management Data structures
James Ellis,Database management Machine learning C++ Problem-solving HTML Django Web development
Kathryn Rivas,JavaScript API development React Web development Problem-solving
Evan Carroll,Django C++ Problem-solving Database management React Node.js Data structures Algorithms
Jessica Ryan MD,Database management C++ React Algorithms CSS Java HTML Django
Jennifer Lawson,HTML CSS Machine learning React Django Algorithms Problem-solving Java
Steve Chapman,Backend technologies JavaScript CSS Data structures C++ Database management React HTML Machine learning
Randy Bryant,Node.js Django Java JavaScript Python Problem-solving Database management
Andrew Smith,Web development Java Node.js Python C++ Django Data structures
Susan Miller,Django Database management Problem-solving JavaScript Backend technologies HTML React Algorithms
Stacy Henderson,Data structures Django JavaScript HTML Database management
Tracy Rogers,JavaScript Machine learning Django C++ Data structures React
Olivia Allen,Data structures Node.js Django React Backend technologies Machine learning C++ Python
Donald Patterson,C++ Database management Python Algorithms Problem-solving CSS Backend technologies HTML Data structures
George Murphy,Java CSS JavaScript HTML Python Database management Web development Django Data structures API development
Michael Bolton,HTML API development JavaScript Web development Algorithms Django Problem-solving C++
Cory Morrow,JavaScript React CSS Algorithms Node.js C++ Django HTML Machine learning
Diana Petersen,Machine learning Data structures Node.js Django Python Database management Java
Alan Wright,Java Python React Backend technologies Node.js Web development
Courtney Douglas,Java Database management Problem-solving Django CSS React Data structures
Bryan Young,Problem-solving JavaScript React Machine learning C++ Algorithms API development HTML
Mary Clayton,Backend technologies Java React Problem-solving Machine learning
Alexander Harper,React Algorithms HTML Web development Java API development Machine learning JavaScript
Brendan Schwartz,Node.js React Django HTML Data structures Web development Python Java Problem-solving
David Burnett,Backend technologies Python Data structures Django JavaScript API development Node.js
Chris Cox,API development HTML Node.js Data structures Python JavaScript Machine learning React C++
Christy Stevens,Backend technologies Problem-solving Web development JavaScript API development
Kimberly Lewis,CSS Web development Backend technologies Algorithms React Machine learning Data structures JavaScript
Julie Andrade,React HTML C++ API development Web development Algorithms Django CSS
Ernest Mendoza,C++ Java Backend technologies Data structures HTML Python Machine learning JavaScript Web development Problem-solving
Amy Wilcox,Backend technologies Machine learning Problem-solving Database management Django Data structures
Gregory Vincent,API development Python Machine learning CSS Algorithms React Database management Web development Data structures
Vincent Gonzales,Problem-solving Machine learning Node.js Django Python Database management CSS C++ Java JavaScript
Ethan Miller,Node.js Problem-solving Python CSS Django Machine learning API development Java Backend technologies
David Brown,Database management Machine learning Django CSS API development Web development Python
Jonathan Walker,Machine learning C++ Python React API development Backend technologies
Daniel Hill,Data structures Java CSS Database management Algorithms HTML Django Backend technologies
Gregory Jimenez,Backend technologies HTML Java Web development JavaScript React Database management Problem-solving Python Machine learning
Julie Vaughn,Algorithms Machine learning HTML CSS React
James Fisher,Backend technologies CSS Algorithms API development Machine learning Java Data structures
Kelsey Proctor,Java Machine learning C++ Web development CSS HTML Django Problem-solving
Zachary Monroe,Problem-solving Algorithms Backend technologies Node.js Python Database management
Justin Brown,HTML Algorithms Machine learning Python Java
Amy Ramsey,Data structures HTML Backend technologies Web development Algorithms
Kimberly Martinez,Django C++ Backend technologies Node.js Java
Nicole Velez,API development HTML Database management React C++ Problem-solving
Jeffrey Payne,Database management JavaScript React Python Machine learning Web development HTML CSS Data structures
Jeremy Riley,CSS C++ React Data structures Database management Python Problem-solving API development Node.js Java
Samantha White,API development JavaScript Backend technologies Python React HTML Java Problem-solving Data structures C++
Andrew Miller,JavaScript HTML API development Database management Backend technologies Node.js Python Django
Christine Anderson,Web development Problem-solving Django Data structures HTML JavaScript Database management
Brandon Smith,HTML Backend technologies Problem-solving C++ Django Database management Python API development JavaScript CSS
Brian White,Django React Database management Web development C++ CSS Java
Allen Kaufman,Backend technologies Java Web development Node.js HTML Algorithms Data structures CSS
Juan Mills,Algorithms Django Python HTML Problem-solving
Abigail Graham,Node.js C++ Data structures Backend technologies Python
Mrs. Rachel Pittman MD,Node.js API development Data structures Web development React
Mary Stein,Backend technologies HTML Web development Database management Python Node.js React
Ashley Mitchell,Machine learning HTML Django Backend technologies API development CSS JavaScript
Ashley Hunt,JavaScript Algorithms Web development CSS C++ Node.js Problem-solving API development
Jessica Jordan,Django Python Machine learning JavaScript HTML React API development Algorithms Data structures
Marisa Flores,Backend technologies Python Django React Data structures Machine learning CSS API development
Wanda Perez,Database management JavaScript Algorithms HTML Python React
Adrian Barnes,Django Data structures Problem-solving Database management Machine learning Web development Node.js Algorithms
Aaron Doyle,API development JavaScript Backend technologies React Algorithms Web development Problem-solving
Jesus Brown,Problem-solving Django Python Web development Data structures Algorithms React
Natalie Olson,Node.js Problem-solving Web development React Machine learning Java
Gregory Wagner,Data structures Machine learning Django Backend technologies React C++
Lori Price,Web development C++ CSS Problem-solving Python Django Machine learning Java Backend technologies
Crystal Mcdaniel,C++ API development CSS Database management Machine learning Node.js Backend technologies Algorithms HTML Python
Linda Harmon,Database management Java Web development Backend technologies Machine learning
Jonathan Burns PhD,Problem-solving Machine learning CSS Backend technologies C++
Thomas Garcia,HTML Django Backend technologies CSS JavaScript
Kara Burgess,Problem-solving Data structures React Django Web development Python API development HTML JavaScript
Michael Young,Database management Java Data structures React JavaScript Node.js Django CSS HTML
Valerie Brady,C++ Node.js API development Python Backend technologies
Adrian Foster,Python Machine learning CSS C++ Backend technologies HTML
Daniel Lewis,Web development JavaScript React Data structures Java Machine learning
Matthew Rivera,React Data structures Python Django Web development Problem-solving C++ JavaScript
Gabriel Shannon,Node.js Problem-solving Django Backend technologies C++ HTML Machine learning Python
Nicholas Mccormick,Database management Algorithms Django React JavaScript HTML
Shawn Clark,Algorithms Web development Python JavaScript Database management
Steven Morrison,Data structures Django React Python Database management Algorithms C++ API development
Lori Moore,Java Database management Problem-solving Algorithms CSS API development Machine learning
Madison Evans,Machine learning Java CSS React Database management C++ Python Django API development
Frederick Stone,Database management Problem-solving HTML Python Data structures CSS Backend technologies
Allen Lynn,Machine learning Java Node.js HTML API development CSS JavaScript Algorithms Database management
Ashley Dodson,Django React Data structures Problem-solving Backend technologies API development Database management Algorithms C++ Python
Randall Lane,Problem-solving Machine learning Backend technologies Java CSS C++
Michael Gordon,Data structures C++ HTML Django Web development CSS API development
Debra Wilson,Web development Algorithms Django API development Python Database management JavaScript
Mrs. Sherry Wheeler,CSS JavaScript Machine learning Backend technologies Django Algorithms Node.js Database management Python
Brett Briggs,Database management API development Backend technologies Java JavaScript Algorithms C++
Michelle May,Java JavaScript C++ Problem-solving Database management Django CSS
Traci Stuart,JavaScript Data structures Java CSS Database management
Mckenzie Yoder,Django JavaScript Python Node.js CSS
Patricia Jackson,Problem-solving React JavaScript Web development API development C++ Database management Django
Allen Mason,React HTML Web development API development Java Database management Backend technologies Node.js Python
Kelly Houston,Database management Java Django Web development HTML Data structures C++ Problem-solving API development Algorithms
Amanda Dalton,Django Java Web development React Algorithms CSS Machine learning API development
Rachel Long,Data structures Database management Python Problem-solving Django CSS
Christopher Michael,Database management CSS Data structures Algorithms Python React
Laura Collins,Web development React Machine learning Django API development Node.js Algorithms JavaScript
Thomas Gonzalez,Machine learning C++ Node.js API development Python JavaScript Algorithms Java Backend technologies CSS
Stephanie Roberts,Data structures Java Node.js C++ Web development HTML React Backend technologies JavaScript
Matthew Perry,Java Python Algorithms HTML Node.js Web development Data structures
Mrs. Vanessa Smith,Django Data structures Web development Java API development Backend technologies CSS
Melanie Russell,HTML Node.js Problem-solving C++ Machine learning Data structures Python API development React Django
Franklin Williams,C++ Java HTML Problem-solving Database management Node.js React Data structures Machine learning
Stephen Miller,Node.js JavaScript API development C++ Data structures Database management Web development Backend technologies
Ashley Camacho,API development Java HTML Backend technologies Database management Django Machine learning
Austin Taylor,Backend technologies React Java Database management Python API development HTML
Jeremy Mcdonald Jr.,Machine learning Java Django Problem-solving Node.js
Christina Harris,JavaScript Backend technologies Problem-solving Django Data structures
Leslie Turner,HTML C++ React Python Problem-solving API development
Jennifer Bruce,Web development React Backend technologies CSS Database management Problem-solving Java Django
Victoria Hughes,Python CSS Problem-solving HTML Backend technologies
Tonya Gregory,API development C++ Database management HTML Web development
Connie Tucker,Django CSS JavaScript Python Machine learning
Douglas Lucas,JavaScript Problem-solving HTML Node.js C++ Java Web development Machine learning Python
Robert Johnson,HTML Python C++ Machine learning Problem-solving CSS
Miguel Collins,Machine learning Problem-solving React Python CSS Django
Philip Webb,API development Problem-solving Machine learning Web development Python
Jennifer Medina,HTML React Database management Data structures Django JavaScript
Stephen Day,Java Database management Node.js HTML API development JavaScript Backend technologies Data structures
Joshua Rodriguez,Backend technologies Python Algorithms C++ Database management
Jeffrey Conley,Backend technologies React Node.js CSS Database management Python
Crystal Lopez,React Backend technologies Python Data structures API development Node.js
Heidi Haney,JavaScript Algorithms Database management React Backend technologies API development HTML Web development Machine learning
Tracy Marshall,C++ CSS Backend technologies Django Database management
Marcus Hernandez,Python Problem-solving CSS Java Backend technologies HTML Web development
Christopher Wilson,Database management CSS Algorithms API development Backend technologies
Brooke Allen,CSS JavaScript Data structures Machine learning Java Web development Python Backend technologies C++ Node.js
Regina Martin,Machine learning Python CSS Java Database management
Matthew Schwartz,Django Node.js HTML C++ Database management React
Andrea Thornton,CSS Algorithms Web development Django HTML Java Database management
Andre Maxwell MD,Java Backend technologies Machine learning Database management Problem-solving Python
Kelly Perry,React JavaScript API development Java HTML Database management
Brittany Watson,Machine learning Algorithms Data structures C++ Web development Backend technologies HTML
Darren Mccoy,Django HTML Machine learning Node.js Backend technologies C++ Database management Algorithms JavaScript React
Kimberly Daniels,Machine learning Problem-solving Node.js HTML Data structures
Christina Hoover,HTML Java C++ React Database management
Michael Melendez,Backend technologies Web development C++ Machine learning Algorithms
Jessica Bradley,Problem-solving Data structures JavaScript C++ Database management API development CSS Algorithms Backend technologies HTML
Richard Woodard,React Machine learning JavaScript Database management Java Problem-solving Backend technologies
Haley Griffin,Database management CSS Web development React Machine learning Python HTML JavaScript Backend technologies
Michael Miller MD,Database management CSS Node.js Backend technologies Web development React
Heather Barrera,Backend technologies Algorithms API development Problem-solving HTML Django CSS Web development Python
Jennifer Hall,CSS Problem-solving Web development Algorithms HTML Backend technologies Java Django Data structures C++
Marc Peterson,Django Python API development Algorithms Java HTML Backend technologies Node.js Machine learning Database management
Barbara Hunt,Data structures JavaScript Problem-solving CSS API development Python HTML Machine learning React Algorithms
Andrew Diaz,Java Machine learning Node.js Web development Algorithms API development Data structures
Erin Barnett,Database management HTML Algorithms C++ API development Web development Data structures
Joshua Pruitt,Web development Java API development Database management Django
Meagan Johnson,JavaScript Database management Data structures Backend technologies Python HTML Machine learning CSS Node.js
Lawrence Serrano,Data structures HTML C++ JavaScript Problem-solving
Kristin Collins,CSS Django Node.js API development Web development Java Backend technologies JavaScript C++
Tony Lewis,Backend technologies Django Database management CSS Node.js API development Machine learning Java Web development
Rita Martinez DVM,Algorithms Backend technologies Python JavaScript Java CSS Django Database management Machine learning Data structures
Mark Warner,Machine learning Python Django Backend technologies API development JavaScript React HTML Algorithms
Michael Moreno,Node.js Database management Web development Java Django Problem-solving
Mitchell Mcconnell,Java Python React Algorithms Backend technologies Machine learning
Charles Davis,Java Algorithms CSS Python Node.js Web development
Jeffrey Rubio,Python CSS Java Backend technologies Algorithms Database management Web development HTML Node.js
Kimberly Flores,Problem-solving Data structures Python React HTML Database management
Tommy Adams,Node.js Web development React Java JavaScript CSS Database management Django
Cynthia Mitchell,Algorithms C++ Machine learning JavaScript Data structures
Ann Humphrey,Machine learning Node.js Algorithms Database management JavaScript API development Web development Problem-solving C++ CSS
Anthony Goodman,Problem-solving React JavaScript Web development Python Django Node.js Data structures
Robert Nunez,Web development Django HTML API development Python C++ JavaScript Algorithms
Miranda Castillo,Java Python Data structures React CSS Web development Algorithms C++ Problem-solving
Renee Brown,Python Algorithms Java Data structures Problem-solving API development Node.js Django C++
Mr. Jason Coffey,JavaScript API development Backend technologies Node.js Problem-solving
Brian Vaughan,CSS HTML C++ JavaScript API development Problem-solving Algorithms Machine learning Java Backend technologies
Mark Russell,Java HTML Problem-solving Database management Web development Algorithms CSS Machine learning Python Backend technologies
Joshua King,Web development HTML Machine learning Database management API development JavaScript Data structures Django
Daniel Moody,Django Data structures Problem-solving JavaScript C++ Machine learning
Isabella Pierce,JavaScript HTML Node.js C++ React Python Machine learning
Melissa Bowers,CSS Python Problem-solving Backend technologies Algorithms
Mitchell Jones,Web development Data structures JavaScript HTML Problem-solving Database management
Jimmy Snyder,Database management Django JavaScript Backend technologies Python Java CSS
Robert Miller,Backend technologies Node.js CSS Machine learning Django HTML Algorithms Problem-solving Web development
Tina George,Data structures Backend technologies Python C++ JavaScript Database management CSS Web development Django Machine learning
Carlos Baker,Node.js Problem-solving Django CSS Java API development Data structures
Theresa Bennett,Web development Algorithms Django Database management React HTML API development JavaScript Backend technologies
Anthony Walls,CSS Algorithms API development JavaScript React Node.js HTML
Ryan Black,Java Machine learning Database management Algorithms Problem-solving API development Django
Anthony Rice,API development Database management Data structures CSS Problem-solving React C++ Backend technologies HTML
Kathryn Ortega,Database management Data structures JavaScript Algorithms Django Backend technologies Node.js API development Web development Machine learning
Jessica Alvarez,JavaScript Python Algorithms HTML Java API development Backend technologies
Karen Larson,Problem-solving Node.js Python CSS Backend technologies Web development JavaScript Data structures
Christine Jensen,JavaScript Java CSS C++ Machine learning API development React Python
Frank Owens,Python C++ React Algorithms Machine learning CSS Backend technologies Web development
William Allen,C++ Backend technologies Django Java Web development Machine learning
David Garrett,C++ JavaScript Django Algorithms HTML Backend technologies Database management Problem-solving
Jessica Brown,Node.js Backend technologies Database management C++ Machine learning
Robert Jarvis,Node.js Java Algorithms CSS Database management API development Backend technologies JavaScript Machine learning
Mr. Brian Walter,API development Data structures C++ HTML Machine learning Node.js
Melissa Ellis,Backend technologies Python JavaScript C++ Algorithms Data structures Node.js Machine learning Django
Emily Reyes,Machine learning Algorithms Python Problem-solving Java C++ Data structures
Peter Schwartz,HTML C++ Algorithms Machine learning Data structures API development
Jacob Miller,Backend technologies CSS Django Algorithms React API development Problem-solving Web development Python Data structures
Daniel Foster,React Problem-solving CSS API development HTML
Steven Turner,Machine learning Problem-solving Java CSS React JavaScript
Jennifer Poole,CSS Django HTML Algorithms Database management API development
Christine Patterson,Data structures Web development Algorithms Python React
Michael Green,Problem-solving Data structures React C++ Python Java HTML Backend technologies Database management
Julie Middleton,React Data structures API development Java Web development Machine learning Database management HTML CSS
Jerry Allen,Python Web development React API development Algorithms CSS Machine learning Problem-solving
Valerie Carter,Python React Web development Java Problem-solving
Kyle Brewer,Data structures CSS Web development Backend technologies JavaScript API development React Database management HTML
James Hudson,Java Machine learning Backend technologies Data structures Problem-solving
Holly Drake,Django C++ Data structures Node.js Problem-solving React API development
Mr. Richard Vega DVM,JavaScript CSS Node.js React Algorithms Django HTML
Tammy Watkins,C++ React Data structures Algorithms Database management HTML Problem-solving Backend technologies
Theresa Brown,Java Problem-solving Python CSS Machine learning Database management Backend technologies HTML
Jason Krause,Backend technologies Algorithms Web development Data structures HTML JavaScript
Dustin Mcmahon,React JavaScript Machine learning Django HTML Data structures Problem-solving Node.js Java Backend technologies
Tyler Maynard III,Django Web development Machine learning React Database management Python Node.js CSS HTML Problem-solving
Jacob Foster,Java Node.js Django Machine learning JavaScript Algorithms HTML
Holly Wilson,C++ CSS JavaScript React API development HTML Machine learning Data structures Java
Michelle Phillips,Data structures Algorithms C++ Django JavaScript Java CSS
Katherine Franklin,Data structures C++ React HTML Django CSS Node.js Backend technologies Web development
Jorge Price,Database management CSS API development Python Java HTML Web development Machine learning Problem-solving C++
Brandi Ward,Problem-solving C++ Python Machine learning CSS Backend technologies Django Node.js Data structures
Jennifer Parker,Python Django Java Backend technologies HTML CSS API development
Abigail Valentine,API development JavaScript CSS Data structures Algorithms Backend technologies Machine learning Problem-solving Java
Lydia Preston,Node.js Machine learning JavaScript React Java HTML Algorithms C++ Python
Kristen Thomas,HTML JavaScript Web development Database management Node.js
Blake Clay,Python Algorithms API development Node.js Data structures Backend technologies C++
Ryan Smith,Web development Problem-solving API development Database management Django Java
Rodney Anderson,Java Database management API development Backend technologies React C++ JavaScript Machine learning
Kimberly Parks,CSS Web development Backend technologies C++ Data structures Algorithms React Python
Anna Herring,Machine learning CSS Problem-solving C++ JavaScript Algorithms Web development Data structures HTML
James Mendoza,HTML JavaScript Database management React Algorithms Problem-solving
James Lewis,HTML Problem-solving JavaScript C++ Web development Machine learning Python API development
Sara Brown,Machine learning Data structures JavaScript Database management Node.js C++ API development
Erin Reilly,Django Node.js Problem-solving API development React
Timothy Romero,Node.js Java Algorithms HTML Database management
Stephanie Johnson,Django Web development Machine learning Database management C++ HTML Backend technologies
Natalie Craig,CSS Java Django Algorithms C++ React Problem-solving Node.js Data structures Machine learning
Kylie Lane,Problem-solving Java API development CSS Data structures Machine learning
Taylor Watson,Database management Python Java API development Data structures HTML Django
Timothy Carson,API development Data structures Algorithms Django Node.js Problem-solving Java Database management
Kimberly Guzman,CSS React JavaScript Node.js C++ Problem-solving Data structures Machine learning Backend technologies
Caleb Mcclain,JavaScript HTML Problem-solving Machine learning Java API development Web development Database management Backend technologies
Michelle Green,Database management C++ Backend technologies Django Java Node.js Python JavaScript
Stephanie Thomas,Web development Node.js Algorithms API development HTML
Erica Johnson,HTML C++ CSS Python API development Data structures Node.js Java JavaScript
Roy Terrell,HTML React JavaScript Machine learning Java Algorithms Django Web development
Alice Gordon,Machine learning JavaScript Java Database management API development Data structures HTML
Brian Turner,Database management API development React Python CSS Data structures HTML Web development Problem-solving Machine learning
Angel Shaw,API development React Python CSS Web development Algorithms
Devin Levy,Web development Machine learning Database management JavaScript Django React
Kenneth White,Machine learning Problem-solving API development C++ Java Python Django Backend technologies
Melissa Ramirez,React Machine learning HTML Backend technologies Database management Problem-solving Java
Yvette Miles,Web development Machine learning CSS Python Algorithms
Robin Lewis MD,Problem-solving CSS Web development API development React Node.js Python Database management
Ricardo Johnson,API development Database management Algorithms CSS Data structures Java Web development
Michael Clark III,Algorithms API development React Problem-solving Machine learning Node.js CSS Backend technologies HTML Django
Andrea Nash,HTML CSS Java Backend technologies Machine learning Problem-solving Python Algorithms Django C++
Matthew Smith,Java Algorithms Python API development Problem-solving Data structures Node.js C++
Erin Bridges,Database management CSS JavaScript Problem-solving Django Node.js Backend technologies
David Thompson,Backend technologies Algorithms Java HTML Python Problem-solving
Lauren Hawkins,CSS Problem-solving Web development Django Java Data structures API development C++
Alexander Jordan,React CSS Java Backend technologies C++ Node.js
Heidi Brown,Algorithms Web development Backend technologies Node.js Database management C++ Python API development
Michael Smith,Backend technologies JavaScript Data structures Python Problem-solving CSS C++ Algorithms
Michael Jones,Database management C++ Web development HTML Backend technologies Java API development Django
Michele Moran,Algorithms HTML Web development Data structures C++ CSS Backend technologies Problem-solving Django
Jocelyn Anderson,Data structures API development HTML Backend technologies Machine learning Database management
Mr. Jamie Brooks MD,Problem-solving Node.js Java Django CSS
Mark Klein,Algorithms React API development CSS Node.js HTML Web development Django Java
Justin Bush,Database management Web development Backend technologies Java C++ Problem-solving Data structures
Colleen Moore,Database management Backend technologies Django CSS React HTML
Thomas Hernandez,API development Node.js HTML CSS JavaScript Database management Python Data structures C++ Django
Amy Leach,React Algorithms Python Machine learning Node.js API development Backend technologies C++
Karen Velez MD,Django Node.js Database management Python Java Algorithms Data structures C++
Justin Durham,CSS Django API development Data structures HTML Node.js Problem-solving Backend technologies
Jaime Parker,Backend technologies Algorithms CSS React C++ Java JavaScript Web development
Michael Thomas,API development Problem-solving Web development React Java HTML Machine learning C++
Sarah Payne,Web development Java Node.js Machine learning JavaScript CSS
Sandy Rivera,Backend technologies Python Node.js React Algorithms Java C++ Problem-solving JavaScript
Crystal Rosario,JavaScript Machine learning Web development React API development Java Node.js
Gregory Cox PhD,Python Java Algorithms Node.js C++ Problem-solving JavaScript
Amber Rodriguez,CSS C++ API development HTML Python Database management Java Machine learning Data structures React
Joseph Silva,React Database management Java C++ Web development Python Node.js API development HTML Backend technologies
Chloe Wood,JavaScript Web development Problem-solving Node.js Python Algorithms
Patricia Hodge,Data structures C++ Algorithms Backend technologies Problem-solving
Kevin Ruiz,C++ Backend technologies Machine learning Database management CSS HTML Java Python Data structures
Jesus Martinez,Python Backend technologies Web development Node.js API development Algorithms Data structures Machine learning
Robert Molina,Machine learning Node.js JavaScript Web development Python Algorithms C++
Jesse Gonzalez,C++ Django API development Backend technologies Web development CSS Data structures JavaScript Database management Python
Nicole Le,Algorithms JavaScript C++ Data structures React Django Node.js API development
Douglas Chaney,Python API development Web development JavaScript Machine learning Java Data structures CSS Database management
Anne Joseph,React Data structures Java Web development JavaScript Database management C++
Daniel Fitzgerald,Node.js HTML CSS Data structures Machine learning
Benjamin Stephens,API development Java C++ Backend technologies Database management Algorithms Django Node.js
Jesse Booth,CSS HTML Data structures Machine learning Algorithms Web development
Katelyn Sanchez,React Node.js C++ Machine learning CSS
Scott Watts,C++ JavaScript Java Web development Machine learning
